# report	pdf	html	format	date	kind - written by generate-pdf.mjs, do not edit
001	output/cv-muhammad-umer-snowflake-2026-10-02.pdf	output/cv-muhammad-umer-snowflake-2026-10-02.html	a4	2026-10-02	cv
	output/cv-muhammad-umer-future-2026-10-02.pdf	output/cv-muhammad-umer-future-2026-10-02.html	a4	2026-10-02	cv
	output/cv-muhammad-umer-monte-carlo-2026-10-02.pdf	output/cv-muhammad-umer-monte-carlo-2026-10-02.html	a4	2026-10-02	cv
	output/preview-jake.pdf	output/preview-jake.html	a4	2026-10-05	cv
	output/preview-ats.pdf	output/preview-ats.html	a4	2026-10-05	cv
	output/preview-compact.pdf	output/preview-compact.html	a4	2026-10-05	cv
	output/cv-muhammad-umer-jake-sample.pdf	output/cv-muhammad-umer-jake-sample.html	a4	2026-10-05	cv
	output/jake-order-test.pdf	output/jake-order-test.html	a4	2026-10-05	cv
	output/cv-muhammad-umer-snowflake-2026-10-05.pdf	output/cv-muhammad-umer-snowflake-2026-10-05.html	a4	2026-10-05	cv
	output/cv-muhammad-umer-montecarlo-2026-10-05.pdf	output/cv-muhammad-umer-montecarlo-2026-10-05.html	a4	2026-10-05	cv
	output/cv-muhammad-umer-future-2026-10-05.pdf	output/cv-muhammad-umer-future-2026-10-05.html	a4	2026-10-05	cv
	output/cv-muhammad-umer-seai-2026-10-06.pdf	output/cv-muhammad-umer-seai-2026-10-06.html	a4	2026-10-06	cv
	output/cv-muhammad-umer-aiengineer-2026-10-06.pdf	output/cv-muhammad-umer-aiengineer-2026-10-06.html	a4	2026-10-06	cv
	output/cv-muhammad-umer-gramian-2026-10-07.pdf	output/cv-muhammad-umer-gramian-2026-10-07.html	a4	2026-10-06	cv
	output/cv-muhammad-umer-meridianlink-2026-10-07.pdf	output/cv-muhammad-umer-meridianlink-2026-10-07.html	a4	2026-10-06	cv
